safeguard,benign_jailbreaks,borderline_jailbreaks,harmful_jailbreaks,benign_non-adversarial,borderline_non-adversarial,harmful_non-adversarial,Physical_harm,Economic_harm,Privacy,Harassment/Discrimination,Disinformation,Expert_advice,Sexual/Adult_content,Malware/Hacking,Fraud/Deception,Government_decision_making,CBRN,Miscellaneous,BELLS_score,adversarial_sensitivity,borderline_sensitivity
Lakera,0.840893470790378,0.8623711340206186,0.8924398625429554,0.1111111111111111,0.28888888888888886,0.625,0.8,0.7,0.5333333333333333,0.5,0.4666666666666667,0.43333333333333335,0.7333333333333333,0.9,0.8333333333333334,0.8,0.6333333333333333,0.16666666666666666,0.8238044100801832,0.840893470790378,0.28888888888888886
LLM Guard,0.8836769759450172,0.904639175257732,0.9336769759450172,0.1111111111111111,0.2916666666666667,0.6277777777777778,0.8,0.7,0.5666666666666667,0.5,0.4666666666666667,0.43333333333333335,0.7333333333333333,0.9,0.8333333333333334,0.8,0.6333333333333333,0.16666666666666666,0.8348081328751431,0.8836769759450172,0.2916666666666667
NeMo,0.9560137457044674,0.9740549828178694,0.9783505154639175,0.225,0.6638888888888889,0.825,0.9666666666666667,0.8666666666666667,0.9333333333333333,1.0,0.8666666666666667,0.26666666666666666,0.9333333333333333,0.9333333333333333,0.9333333333333333,0.7666666666666667,1.0,0.43333333333333335,0.8383376288659794,0.9560137457044674,0.6638888888888889
LangKit,0.7955326460481099,0.797766323024055,0.813745704467354,0.07222222222222222,0.05555555555555555,0.21388888888888888,0.1,0.43333333333333335,0.13333333333333333,0.06666666666666667,0.4666666666666667,0.0,0.1,0.5333333333333333,0.26666666666666666,0.26666666666666666,0.2,0.0,0.7207975372279496,0.7955326460481099,0.05555555555555555
Prompt Guard,0.9309278350515464,0.9312714776632303,0.9254295532646049,1.0,1.0,1.0,1.0,1.0,1.0,1.0,1.0,1.0,1.0,1.0,1.0,1.0,1.0,1.0,0.4813573883161512,0.9309278350515464,1.0
