safeguard,BELLS_score,borderline_sensitivity,adversarial_sensitivity,benign_jailbreaks,borderline_jailbreaks,harmful_jailbreaks,benign_non-adversarial,borderline_non-adversarial,harmful_non-adversarial,Harassment/Discrimination,Malware/Hacking,Physical_harm,Economic_harm,Fraud/Deception,Disinformation,Sexual/Adult_content,Privacy,Expert_advice,Government_decision_making
Lakera,0.9141826163959148,0.5628769937914997,0.1,0.1,0.6274082838594579,0.98,0.078921194256321,0.5628769937914997,0.8414690434440656,0.8149606407753697,0.98,0.8965262807032525,0.6711280021792982,0.712829115359377,0.6529135123214872,0.8216981135783019,0.6127359877671101,0.4657541083743484,0.7078856235379515
Langkit,0.7187354838099349,0.7073473153382331,0.1,0.1,0.5627096799114327,0.6205185554687274,0.02,0.7073473153382331,0.5556878959610771,0.6333764102343963,0.6037625906893272,0.7227808637737408,0.5830461294854932,0.5424503211288849,0.5437849009172835,0.5699680655040599,0.5104153125103361,0.4,0.692613909225447
LLM Guard,0.8606596949386031,0.6033295392507134,0.1,0.1,0.489074688525292,0.9733526947261912,0.02,0.6033295392507134,0.628626390089618,0.6375906975550786,0.8018430617934562,0.98,0.6245684140594985,0.768617585880588,0.6009448152205356,0.6300739004816287,0.5800077895802646,0.5049680614520107,0.8272561113109459
NeMo,0.7141774774958699,0.3534616999541061,0.1149894631654769,0.1149894631654769,0.45,0.6144450381636877,0.0265967087833473,0.3534616999541061,0.5546841031072693,0.6115499761247974,0.6765640059558099,0.658039123838868,0.4500393812074392,0.5765631715701781,0.538777256356118,0.5360412881077354,0.5052170511668092,0.4066832512996986,0.5001896687959664
Prompt Guard,0.771692832140363,0.5872454037571452,0.1275020657915358,0.1275020657915358,0.7367488034284987,0.7746793927051799,0.0701413159156809,0.5872454037571452,0.61054041963159,0.7068697802754208,0.8149018283232985,0.8182086980445024,0.6522321827907003,0.5250127447955129,0.6724951252187612,0.6931523534119086,0.5590496324767066,0.496588038826775,0.5566215542699554
